-512.0 ,  2347 ,  2224 ,  2295 ,  2204 ,  2319
-511.0 ,  2306 ,  2245 ,  2241 ,  2218 ,  2321
-510.0 ,  2291 ,  2274 ,  2301 ,  2240 ,  2284
-509.0 ,  2342 ,  2274 ,  2310 ,  2322 ,  2268
-508.0 ,  2280 ,  2296 ,  2230 ,  2250 ,  2311
-507.0 ,  2291 ,  2337 ,  2276 ,  2233 ,  2285
-506.0 ,  2287 ,  2278 ,  2274 ,  2255 ,  2260
-505.0 ,  2346 ,  2265 ,  2226 ,  2186 ,  2294
-504.0 ,  2256 ,  2286 ,  2253 ,  2283 ,  2229
-503.0 ,  2265 ,  2254 ,  2270 ,  2294 ,  2285
-502.0 ,  2272 ,  2273 ,  2236 ,  2336 ,  2309
-501.0 ,  2311 ,  2248 ,  2251 ,  2227 ,  2297
-500.0 ,  2297 ,  2257 ,  2290 ,  2153 ,  2299
-499.0 ,  2240 ,  2235 ,  2282 ,  2275 ,  2260
-498.0 ,  2237 ,  2289 ,  2244 ,  2255 ,  2284
-497.0 ,  2224 ,  2234 ,  2285 ,  2251 ,  2228
-496.0 ,  2156 ,  2252 ,  2237 ,  2230 ,  2167
-495.0 ,  2284 ,  2296 ,  2196 ,  2209 ,  2159
-494.0 ,  2271 ,  2246 ,  2272 ,  2227 ,  2218
-493.0 ,  2214 ,  2191 ,  2181 ,  2216 ,  2290
-492.0 ,  2158 ,  2255 ,  2265 ,  2307 ,  2219
-491.0 ,  2237 ,  2221 ,  2261 ,  2331 ,  2252
-490.0 ,  2155 ,  2250 ,  2038 ,  2306 ,  2277
-489.0 ,  2111 ,  2225 ,  2137 ,  2173 ,  2259
-488.0 ,  2156 ,  2110 ,  2280 ,  2233 ,  2246
-487.0 ,  2155 ,  2112 ,  2178 ,  2144 ,  2168
-486.0 ,  2139 ,  2181 ,  2276 ,  2197 ,  2133
-485.0 ,  2122 ,  1936 ,  1963 ,  2040 ,  2145
-484.0 ,  1940 ,  2030 ,  2098 ,  2096 ,  1996
-483.0 ,  1911 ,  1924 ,  1936 ,  1840 ,  2000
-482.0 ,  1832 ,  1674 ,  1836 ,  1725 ,  1777
-481.0 ,  1696 ,  1629 ,  1734 ,  1820 ,  1581
-480.0 ,  1374 ,  1521 ,  1496 ,  1375 ,  1419
-479.0 ,  1212 ,  1264 ,  1292 ,  1184 ,  1301
-478.0 ,  1243 ,  1096 ,  1222 ,  1261 ,  1130
-477.0 ,  1055 ,  1122 ,  985 ,  1063 ,  1055
-476.0 ,  979 ,  791 ,  942 ,  1060 ,  955
-475.0 ,  1011 ,  1185 ,  1186 ,  995 ,  1090
-474.0 ,  1274 ,  1201 ,  1461 ,  1366 ,  1225
-473.0 ,  1324 ,  1411 ,  1538 ,  1566 ,  1403
-472.0 ,  1388 ,  1637 ,  1523 ,  1601 ,  1623
-471.0 ,  1726 ,  1636 ,  1887 ,  1385 ,  1636
-470.0 ,  1676 ,  1559 ,  1807 ,  1421 ,  1563
-469.0 ,  1541 ,  1637 ,  1793 ,  1774 ,  1621
-468.0 ,  1772 ,  1816 ,  1781 ,  1636 ,  1646
-467.0 ,  1604 ,  1706 ,  1717 ,  1807 ,  1598
-466.0 ,  1658 ,  1651 ,  1476 ,  1663 ,  1583
-465.0 ,  1564 ,  1684 ,  1815 ,  1750 ,  1720
-464.0 ,  1618 ,  1700 ,  1802 ,  1892 ,  1567
-463.0 ,  1740 ,  1756 ,  1759 ,  1979 ,  1817
-462.0 ,  1654 ,  1880 ,  1783 ,  1921 ,  1771
-461.0 ,  1718 ,  1613 ,  1748 ,  1705 ,  1671
-460.0 ,  1406 ,  1523 ,  1518 ,  1710 ,  1672
-459.0 ,  1514 ,  1833 ,  1803 ,  1822 ,  1835
-458.0 ,  1734 ,  1733 ,  1813 ,  1742 ,  1758
-457.0 ,  1852 ,  1832 ,  1872 ,  1928 ,  1595
-456.0 ,  1697 ,  1724 ,  1719 ,  1616 ,  1708
-455.0 ,  1698 ,  1745 ,  1769 ,  1711 ,  1597
-454.0 ,  1565 ,  1856 ,  1594 ,  1684 ,  1754
-453.0 ,  1654 ,  1588 ,  1603 ,  1871 ,  1657
-452.0 ,  1704 ,  1781 ,  1866 ,  1672 ,  1772
-451.0 ,  1937 ,  1632 ,  1692 ,  1697 ,  1792
-450.0 ,  1809 ,  1893 ,  1753 ,  1659 ,  1954
-449.0 ,  1965 ,  1758 ,  1879 ,  1575 ,  1739
-448.0 ,  1757 ,  1790 ,  1807 ,  1635 ,  1830
-447.0 ,  1752 ,  1768 ,  1772 ,  1695 ,  1798
-446.0 ,  1737 ,  1765 ,  1783 ,  1756 ,  1764
-445.0 ,  1737 ,  1656 ,  1725 ,  1761 ,  1765
-444.0 ,  1736 ,  1745 ,  1586 ,  1803 ,  2013
-443.0 ,  1923 ,  1838 ,  1620 ,  1847 ,  1901
-442.0 ,  1826 ,  1814 ,  1606 ,  1763 ,  1562
-441.0 ,  1867 ,  1602 ,  1718 ,  1764 ,  1957
-440.0 ,  1681 ,  1725 ,  1804 ,  1635 ,  1686
-439.0 ,  1721 ,  1700 ,  1739 ,  1771 ,  1522
-438.0 ,  1854 ,  1599 ,  1733 ,  1895 ,  1656
-437.0 ,  1887 ,  1724 ,  1963 ,  1733 ,  1795
-436.0 ,  1544 ,  1633 ,  1706 ,  1824 ,  1842
-435.0 ,  1733 ,  1671 ,  1639 ,  1743 ,  1831
-434.0 ,  1703 ,  1717 ,  1784 ,  1896 ,  1660
-433.0 ,  1691 ,  1675 ,  1784 ,  1692 ,  1527
-432.0 ,  1907 ,  1771 ,  1807 ,  1652 ,  1932
-431.0 ,  1801 ,  1804 ,  1761 ,  1783 ,  1793
-430.0 ,  1782 ,  1733 ,  1574 ,  1674 ,  1795
-429.0 ,  1747 ,  1781 ,  1811 ,  1930 ,  1684
-428.0 ,  1839 ,  1804 ,  1656 ,  1723 ,  1581
-427.0 ,  1783 ,  1757 ,  1879 ,  1760 ,  1704
-426.0 ,  1536 ,  1687 ,  1770 ,  1808 ,  1711
-425.0 ,  1762 ,  1787 ,  1774 ,  1628 ,  1627
-424.0 ,  1678 ,  1730 ,  1726 ,  1820 ,  1681
-423.0 ,  1757 ,  1806 ,  1767 ,  2018 ,  1655
-422.0 ,  1890 ,  1806 ,  1823 ,  1785 ,  1688
-421.0 ,  1808 ,  1760 ,  1759 ,  1770 ,  1639
-420.0 ,  1819 ,  1829 ,  1660 ,  1827 ,  1703
-419.0 ,  1821 ,  1941 ,  1728 ,  1906 ,  1741
-418.0 ,  1710 ,  1892 ,  1585 ,  1767 ,  1716
-417.0 ,  1780 ,  1937 ,  2002 ,  1722 ,  1796
-416.0 ,  1837 ,  1880 ,  1770 ,  1924 ,  1724
-415.0 ,  1654 ,  1997 ,  1699 ,  1941 ,  1723
-414.0 ,  1759 ,  1681 ,  1991 ,  1743 ,  1641
-413.0 ,  1844 ,  1845 ,  1854 ,  1672 ,  1719
-412.0 ,  1506 ,  1841 ,  1816 ,  1680 ,  1741
-411.0 ,  1608 ,  1770 ,  1877 ,  1744 ,  1985
-410.0 ,  1770 ,  1696 ,  1696 ,  1791 ,  1565
-409.0 ,  1797 ,  1690 ,  1599 ,  1891 ,  1719
-408.0 ,  1643 ,  1862 ,  1701 ,  1732 ,  1850
-407.0 ,  1711 ,  1859 ,  1846 ,  1738 ,  1899
-406.0 ,  1858 ,  1906 ,  1716 ,  1780 ,  1747
-405.0 ,  1742 ,  1747 ,  1695 ,  1910 ,  1831
-404.0 ,  1777 ,  1846 ,  1856 ,  1852 ,  1758
-403.0 ,  1738 ,  1635 ,  1875 ,  1791 ,  1633
-402.0 ,  1729 ,  1718 ,  1873 ,  1951 ,  1783
-401.0 ,  1743 ,  1750 ,  1723 ,  1723 ,  1646
-400.0 ,  1529 ,  1763 ,  1743 ,  1779 ,  1495
-399.0 ,  1728 ,  1954 ,  1927 ,  1661 ,  1847
-398.0 ,  1677 ,  1730 ,  1785 ,  1751 ,  1784
-397.0 ,  1758 ,  1628 ,  1927 ,  1798 ,  1698
-396.0 ,  1899 ,  1688 ,  1793 ,  1820 ,  1822
-395.0 ,  1899 ,  1601 ,  1921 ,  1931 ,  1753
-394.0 ,  1827 ,  1723 ,  1785 ,  1682 ,  2051
-393.0 ,  1909 ,  1618 ,  1883 ,  1761 ,  2119
-392.0 ,  2025 ,  1758 ,  1746 ,  1804 ,  1828
-391.0 ,  1823 ,  1868 ,  1858 ,  1781 ,  1736
-390.0 ,  1881 ,  1495 ,  1876 ,  1768 ,  1825
-389.0 ,  1764 ,  1875 ,  1674 ,  1896 ,  1857
-388.0 ,  1717 ,  1698 ,  1966 ,  1718 ,  1811
-387.0 ,  1618 ,  1966 ,  1797 ,  1910 ,  1892
-386.0 ,  1831 ,  1963 ,  1601 ,  1803 ,  1783
-385.0 ,  1994 ,  1823 ,  1710 ,  1769 ,  1834
-384.0 ,  1832 ,  1885 ,  1675 ,  1942 ,  1889
-383.0 ,  1719 ,  1792 ,  1806 ,  1865 ,  1907
-382.0 ,  1889 ,  1771 ,  1664 ,  1836 ,  2016
-381.0 ,  1790 ,  1497 ,  1716 ,  1644 ,  1980
-380.0 ,  1909 ,  1735 ,  1874 ,  1825 ,  1857
-379.0 ,  1991 ,  1883 ,  1709 ,  1864 ,  1719
-378.0 ,  1844 ,  1828 ,  1831 ,  1682 ,  1804
-377.0 ,  1618 ,  1836 ,  1905 ,  1726 ,  1734
-376.0 ,  1770 ,  1735 ,  1846 ,  1758 ,  1620
-375.0 ,  1939 ,  1916 ,  1845 ,  1798 ,  1680
-374.0 ,  1756 ,  1952 ,  1794 ,  1687 ,  1807
-373.0 ,  1814 ,  1892 ,  1923 ,  1682 ,  1840
-372.0 ,  1826 ,  1876 ,  1818 ,  1592 ,  1840
-371.0 ,  1788 ,  1779 ,  1825 ,  1913 ,  1868
-370.0 ,  1899 ,  2033 ,  1816 ,  1836 ,  1838
-369.0 ,  1963 ,  1780 ,  1846 ,  1983 ,  1801
-368.0 ,  1724 ,  1758 ,  1872 ,  1938 ,  1748
-367.0 ,  1675 ,  1932 ,  1746 ,  1765 ,  1877
-366.0 ,  1724 ,  1991 ,  1926 ,  1769 ,  1951
-365.0 ,  1883 ,  1842 ,  1843 ,  1815 ,  1870
-364.0 ,  1940 ,  1774 ,  1745 ,  1871 ,  1976
-363.0 ,  1812 ,  1773 ,  1731 ,  1869 ,  1662
-362.0 ,  1736 ,  1628 ,  1896 ,  1765 ,  1630
-361.0 ,  1740 ,  1673 ,  1993 ,  1670 ,  1688
-360.0 ,  1633 ,  1723 ,  1916 ,  1763 ,  1624
-359.0 ,  1893 ,  1882 ,  1865 ,  1799 ,  1744
-358.0 ,  1788 ,  1652 ,  1884 ,  1914 ,  1889
-357.0 ,  1913 ,  1686 ,  1776 ,  1782 ,  1821
-356.0 ,  1743 ,  1679 ,  1942 ,  1746 ,  1766
-355.0 ,  1756 ,  1820 ,  1827 ,  1869 ,  1953
-354.0 ,  1817 ,  1798 ,  1757 ,  1639 ,  1780
-353.0 ,  1859 ,  1942 ,  1847 ,  1720 ,  1756
-352.0 ,  1843 ,  1768 ,  1794 ,  1666 ,  1757
-351.0 ,  1821 ,  1748 ,  1897 ,  1747 ,  1621
-350.0 ,  1804 ,  1699 ,  1978 ,  1707 ,  1789
-349.0 ,  1882 ,  1803 ,  1863 ,  1883 ,  1948
-348.0 ,  1682 ,  1799 ,  1944 ,  1875 ,  1897
-347.0 ,  1770 ,  1724 ,  1875 ,  2050 ,  1914
-346.0 ,  1817 ,  1705 ,  1881 ,  1586 ,  1896
-345.0 ,  1811 ,  1685 ,  1741 ,  1745 ,  1863
-344.0 ,  1951 ,  1728 ,  1794 ,  1792 ,  1916
-343.0 ,  1851 ,  1678 ,  1901 ,  1796 ,  1892
-342.0 ,  2208 ,  1775 ,  1863 ,  1696 ,  1951
-341.0 ,  1842 ,  1779 ,  1897 ,  1862 ,  1717
-340.0 ,  1823 ,  2100 ,  1872 ,  1901 ,  1729
-339.0 ,  1732 ,  1823 ,  1860 ,  1711 ,  1738
-338.0 ,  1721 ,  1893 ,  1971 ,  1849 ,  1734
-337.0 ,  1990 ,  1819 ,  1991 ,  1878 ,  1760
-336.0 ,  1956 ,  1842 ,  1824 ,  1815 ,  1901
-335.0 ,  1834 ,  1760 ,  2104 ,  1694 ,  1883
-334.0 ,  1969 ,  1772 ,  1943 ,  1784 ,  1888
-333.0 ,  1621 ,  1811 ,  1876 ,  1745 ,  1913
-332.0 ,  1840 ,  1762 ,  1981 ,  1814 ,  2049
-331.0 ,  1826 ,  1864 ,  1949 ,  1978 ,  1899
-330.0 ,  1892 ,  2094 ,  1893 ,  1978 ,  1877
-329.0 ,  1862 ,  1993 ,  1773 ,  2080 ,  1838
-328.0 ,  1795 ,  1892 ,  1847 ,  1844 ,  1836
-327.0 ,  1823 ,  1624 ,  1911 ,  1855 ,  1617
-326.0 ,  1731 ,  1842 ,  1830 ,  1944 ,  1781
-325.0 ,  1818 ,  1854 ,  1916 ,  2026 ,  1786
-324.0 ,  1874 ,  1855 ,  1959 ,  1831 ,  1732
-323.0 ,  1944 ,  1746 ,  2009 ,  1694 ,  1746
-322.0 ,  1929 ,  1972 ,  1986 ,  1832 ,  1792
-321.0 ,  1943 ,  1885 ,  1893 ,  1923 ,  1913
-320.0 ,  1749 ,  2056 ,  1947 ,  2004 ,  1853
-319.0 ,  1953 ,  1773 ,  1892 ,  1644 ,  1943
-318.0 ,  2016 ,  1950 ,  1836 ,  1668 ,  1887
-317.0 ,  1977 ,  1875 ,  1741 ,  1840 ,  2073
-316.0 ,  2082 ,  1875 ,  1829 ,  2046 ,  2006
-315.0 ,  1871 ,  1772 ,  1848 ,  1901 ,  1948
-314.0 ,  1805 ,  1674 ,  2009 ,  1938 ,  1981
-313.0 ,  1859 ,  1850 ,  2024 ,  1928 ,  1784
-312.0 ,  1822 ,  1809 ,  1970 ,  1872 ,  2154
-311.0 ,  1907 ,  1799 ,  1935 ,  1830 ,  2152
-310.0 ,  1932 ,  2094 ,  1896 ,  1709 ,  2073
-309.0 ,  1920 ,  1859 ,  1931 ,  1777 ,  1905
-308.0 ,  2191 ,  1964 ,  1984 ,  2052 ,  1862
-307.0 ,  1906 ,  1876 ,  1973 ,  1928 ,  1977
-306.0 ,  1820 ,  2011 ,  1934 ,  1834 ,  1832
-305.0 ,  1922 ,  2148 ,  1724 ,  1896 ,  1791
-304.0 ,  1955 ,  1903 ,  1777 ,  2056 ,  2058
-303.0 ,  1947 ,  1946 ,  1943 ,  1886 ,  2014
-302.0 ,  2172 ,  1831 ,  1941 ,  1901 ,  1889
-301.0 ,  1862 ,  1869 ,  1963 ,  1648 ,  2107
-300.0 ,  1931 ,  2027 ,  1972 ,  1627 ,  2190
-299.0 ,  1755 ,  1799 ,  2069 ,  1891 ,  1960
-298.0 ,  2023 ,  1994 ,  2011 ,  2046 ,  1965
-297.0 ,  2053 ,  2085 ,  1756 ,  1895 ,  1927
-296.0 ,  2022 ,  1820 ,  2055 ,  1940 ,  1860
-295.0 ,  2050 ,  1900 ,  1936 ,  2071 ,  1975
-294.0 ,  1824 ,  1685 ,  2009 ,  2010 ,  1756
-293.0 ,  1972 ,  1855 ,  2030 ,  1901 ,  1758
-292.0 ,  1990 ,  1818 ,  1949 ,  1895 ,  2053
-291.0 ,  2011 ,  1912 ,  1883 ,  1994 ,  1875
-290.0 ,  1901 ,  1881 ,  1919 ,  1956 ,  1984
-289.0 ,  2028 ,  1947 ,  2058 ,  1958 ,  2087
-288.0 ,  2023 ,  1932 ,  2099 ,  1830 ,  2058
-287.0 ,  1836 ,  1719 ,  1925 ,  1962 ,  2052
-286.0 ,  1917 ,  1927 ,  1839 ,  2094 ,  1955
-285.0 ,  1898 ,  2010 ,  2091 ,  2084 ,  1843
-284.0 ,  1929 ,  2022 ,  2166 ,  1983 ,  1905
-283.0 ,  2012 ,  1974 ,  1850 ,  2089 ,  1912
-282.0 ,  2080 ,  1953 ,  1745 ,  2058 ,  2133
-281.0 ,  1939 ,  1938 ,  1953 ,  2074 ,  2000
-280.0 ,  1830 ,  1871 ,  1953 ,  1943 ,  2071
-279.0 ,  1877 ,  1926 ,  1922 ,  2054 ,  2027
-278.0 ,  1882 ,  1877 ,  1922 ,  1935 ,  1812
-277.0 ,  2017 ,  1931 ,  1891 ,  1873 ,  1943
-276.0 ,  1983 ,  1961 ,  1974 ,  1874 ,  2091
-275.0 ,  1763 ,  1992 ,  2119 ,  2246 ,  1929
-274.0 ,  2074 ,  1910 ,  1857 ,  1933 ,  1871
-273.0 ,  2026 ,  2047 ,  1867 ,  2026 ,  1710
-272.0 ,  1927 ,  1894 ,  1865 ,  1961 ,  2028
-271.0 ,  2051 ,  2071 ,  1990 ,  1897 ,  1910
-270.0 ,  2031 ,  1873 ,  2168 ,  2021 ,  1823
-269.0 ,  2010 ,  1994 ,  2026 ,  2116 ,  1744
-268.0 ,  1945 ,  2090 ,  2026 ,  1972 ,  1750
-267.0 ,  2052 ,  1929 ,  2115 ,  2250 ,  1859
-266.0 ,  2012 ,  2057 ,  2004 ,  2027 ,  2043
-265.0 ,  1863 ,  1992 ,  2044 ,  1946 ,  2157
-264.0 ,  2115 ,  2150 ,  1885 ,  2103 ,  1984
-263.0 ,  1926 ,  1749 ,  2030 ,  2036 ,  1978
-262.0 ,  1968 ,  1879 ,  1905 ,  1942 ,  2130
-261.0 ,  1892 ,  1793 ,  1930 ,  2059 ,  2081
-260.0 ,  2014 ,  2004 ,  1912 ,  2051 ,  2117
-259.0 ,  1944 ,  2021 ,  1941 ,  2052 ,  1965
-258.0 ,  1834 ,  2029 ,  1823 ,  1988 ,  2013
-257.0 ,  1921 ,  2048 ,  1870 ,  2176 ,  2009
-256.0 ,  2082 ,  1804 ,  1807 ,  2043 ,  2069
-255.0 ,  2005 ,  2002 ,  1944 ,  2148 ,  2129
-254.0 ,  2089 ,  1976 ,  2039 ,  2170 ,  2368
-253.0 ,  1934 ,  1998 ,  2060 ,  2145 ,  1995
-252.0 ,  1969 ,  1967 ,  1921 ,  2051 ,  2067
-251.0 ,  1963 ,  2167 ,  2010 ,  1975 ,  1902
-250.0 ,  1902 ,  1948 ,  2071 ,  1957 ,  2093
-249.0 ,  1902 ,  1905 ,  2008 ,  2035 ,  2049
-248.0 ,  2150 ,  1830 ,  1991 ,  2031 ,  1997
-247.0 ,  2240 ,  1931 ,  2094 ,  1990 ,  1974
-246.0 ,  2154 ,  2096 ,  2228 ,  1810 ,  1941
-245.0 ,  2058 ,  1983 ,  1946 ,  2014 ,  2200
-244.0 ,  2023 ,  1960 ,  1955 ,  1883 ,  2238
-243.0 ,  1983 ,  2054 ,  1861 ,  1815 ,  1828
-242.0 ,  1955 ,  2110 ,  2073 ,  2051 ,  2112
-241.0 ,  2013 ,  2124 ,  2084 ,  2014 ,  2064
-240.0 ,  2195 ,  2050 ,  2229 ,  1841 ,  2127
-239.0 ,  1891 ,  1974 ,  2156 ,  1870 ,  2058
-238.0 ,  1970 ,  2092 ,  1951 ,  1980 ,  2068
-237.0 ,  2046 ,  2087 ,  2074 ,  1872 ,  1845
-236.0 ,  2029 ,  2020 ,  1924 ,  2018 ,  1892
-235.0 ,  1932 ,  2059 ,  2098 ,  1830 ,  1971
-234.0 ,  1877 ,  2187 ,  2173 ,  2010 ,  2092
-233.0 ,  2088 ,  2171 ,  2157 ,  2029 ,  2050
-232.0 ,  2024 ,  2099 ,  1976 ,  2229 ,  2000
-231.0 ,  2226 ,  2069 ,  1810 ,  2047 ,  1835
-230.0 ,  2068 ,  2160 ,  2046 ,  2140 ,  2200
-229.0 ,  2084 ,  2026 ,  2217 ,  2064 ,  2104
-228.0 ,  2152 ,  2148 ,  2236 ,  2107 ,  2127
-227.0 ,  2140 ,  2136 ,  2351 ,  2289 ,  2149
-226.0 ,  2096 ,  2094 ,  1998 ,  2107 ,  2178
-225.0 ,  1916 ,  1930 ,  2043 ,  2054 ,  2028
-224.0 ,  2183 ,  1967 ,  1972 ,  2140 ,  2017
-223.0 ,  1979 ,  2182 ,  1984 ,  2243 ,  2034
-222.0 ,  2266 ,  1896 ,  2083 ,  2275 ,  2081
-221.0 ,  2041 ,  2032 ,  2023 ,  2184 ,  2124
-220.0 ,  2061 ,  2076 ,  1915 ,  2173 ,  1887
-219.0 ,  2246 ,  2068 ,  2106 ,  2205 ,  2153
-218.0 ,  2111 ,  2048 ,  2304 ,  2098 ,  2173
-217.0 ,  2023 ,  2095 ,  2204 ,  1953 ,  2488
-216.0 ,  2035 ,  2087 ,  2294 ,  2032 ,  2134
-215.0 ,  2065 ,  1867 ,  2379 ,  2092 ,  2176
-214.0 ,  2204 ,  2076 ,  1918 ,  2059 ,  2193
-213.0 ,  2174 ,  2210 ,  2240 ,  2044 ,  2163
-212.0 ,  2056 ,  2137 ,  2335 ,  2170 ,  2098
-211.0 ,  2190 ,  2055 ,  2123 ,  2262 ,  2181
-210.0 ,  2137 ,  1936 ,  2158 ,  1982 ,  2051
-209.0 ,  2116 ,  2103 ,  2173 ,  1985 ,  2274
-208.0 ,  2120 ,  2364 ,  2276 ,  1990 ,  2135
-207.0 ,  1970 ,  1996 ,  2149 ,  2006 ,  2094
-206.0 ,  2117 ,  2074 ,  2019 ,  2169 ,  2119
-205.0 ,  2323 ,  2107 ,  2191 ,  2169 ,  2060
-204.0 ,  2094 ,  2152 ,  2269 ,  2302 ,  1927
-203.0 ,  2145 ,  2050 ,  2191 ,  2217 ,  2026
-202.0 ,  2145 ,  2102 ,  2035 ,  2244 ,  2034
-201.0 ,  2057 ,  2328 ,  2254 ,  2311 ,  2146
-200.0 ,  2082 ,  2255 ,  2105 ,  2147 ,  2139
-199.0 ,  2104 ,  2258 ,  2266 ,  2288 ,  2035
-198.0 ,  2127 ,  2226 ,  2121 ,  2166 ,  2352
-197.0 ,  2267 ,  2084 ,  2291 ,  1994 ,  2277
-196.0 ,  2256 ,  2130 ,  2219 ,  2196 ,  2502
-195.0 ,  2377 ,  2081 ,  2280 ,  2307 ,  2387
-194.0 ,  2197 ,  2038 ,  2148 ,  2206 ,  2219
-193.0 ,  2105 ,  2208 ,  2164 ,  1997 ,  2275
-192.0 ,  2197 ,  2026 ,  2119 ,  1956 ,  2180
-191.0 ,  2232 ,  2240 ,  2193 ,  2057 ,  2223
-190.0 ,  2296 ,  2190 ,  2151 ,  2107 ,  2182
-189.0 ,  2435 ,  2263 ,  2205 ,  2033 ,  2262
-188.0 ,  2535 ,  2263 ,  2327 ,  2265 ,  2288
-187.0 ,  2432 ,  2276 ,  2339 ,  2288 ,  2090
-186.0 ,  2239 ,  2196 ,  2299 ,  2460 ,  2182
-185.0 ,  2154 ,  2213 ,  2272 ,  2318 ,  2189
-184.0 ,  2202 ,  2208 ,  2282 ,  2536 ,  2308
-183.0 ,  2506 ,  2245 ,  2215 ,  2225 ,  2318
-182.0 ,  2380 ,  2197 ,  2449 ,  2247 ,  2157
-181.0 ,  2378 ,  2216 ,  2306 ,  2376 ,  2305
-180.0 ,  2210 ,  2151 ,  2259 ,  2212 ,  2390
-179.0 ,  2091 ,  2253 ,  2201 ,  2175 ,  2294
-178.0 ,  2190 ,  2189 ,  2130 ,  2052 ,  2320
-177.0 ,  2259 ,  2364 ,  2215 ,  2190 ,  2253
-176.0 ,  2229 ,  2290 ,  2269 ,  2330 ,  2271
-175.0 ,  2320 ,  2483 ,  2478 ,  2399 ,  2357
-174.0 ,  2311 ,  2356 ,  2192 ,  2385 ,  2505
-173.0 ,  2164 ,  2348 ,  2285 ,  2281 ,  2248
-172.0 ,  2422 ,  2240 ,  2255 ,  2289 ,  2259
-171.0 ,  2302 ,  2281 ,  2353 ,  2340 ,  2452
-170.0 ,  2379 ,  2523 ,  2399 ,  2285 ,  2415
-169.0 ,  2190 ,  2556 ,  2505 ,  2211 ,  2511
-168.0 ,  2230 ,  2378 ,  2458 ,  2286 ,  2146
-167.0 ,  2496 ,  2488 ,  2315 ,  2395 ,  2269
-166.0 ,  2231 ,  2250 ,  2340 ,  2341 ,  2415
-165.0 ,  2315 ,  2399 ,  2249 ,  2414 ,  2244
-164.0 ,  2395 ,  2359 ,  2324 ,  2482 ,  2152
-163.0 ,  2302 ,  2437 ,  2324 ,  2341 ,  2543
-162.0 ,  2268 ,  2377 ,  2237 ,  2354 ,  2421
-161.0 ,  2404 ,  2365 ,  2475 ,  2289 ,  2229
-160.0 ,  2327 ,  2344 ,  2338 ,  2277 ,  2262
-159.0 ,  2530 ,  2275 ,  2372 ,  2319 ,  2285
-158.0 ,  2463 ,  2272 ,  2470 ,  2526 ,  2190
-157.0 ,  2446 ,  2261 ,  2637 ,  2491 ,  2396
-156.0 ,  2423 ,  2356 ,  2302 ,  2172 ,  2409
-155.0 ,  2463 ,  2503 ,  2338 ,  2296 ,  2584
-154.0 ,  2469 ,  2281 ,  2597 ,  2359 ,  2290
-153.0 ,  2522 ,  2410 ,  2543 ,  2417 ,  2498
-152.0 ,  2465 ,  2574 ,  2498 ,  2489 ,  2513
-151.0 ,  2600 ,  2570 ,  2478 ,  2451 ,  2349
-150.0 ,  2340 ,  2368 ,  2467 ,  2393 ,  2250
-149.0 ,  2386 ,  2547 ,  2431 ,  2429 ,  2397
-148.0 ,  2416 ,  2555 ,  2533 ,  2345 ,  2455
-147.0 ,  2424 ,  2474 ,  2317 ,  2413 ,  2484
-146.0 ,  2199 ,  2438 ,  2242 ,  2724 ,  2445
-145.0 ,  2370 ,  2469 ,  2549 ,  2527 ,  2382
-144.0 ,  2435 ,  2516 ,  2597 ,  2591 ,  2319
-143.0 ,  2407 ,  2496 ,  2584 ,  2735 ,  2477
-142.0 ,  2388 ,  2471 ,  2663 ,  2559 ,  2422
-141.0 ,  2408 ,  2426 ,  2606 ,  2539 ,  2473
-140.0 ,  2579 ,  2411 ,  2725 ,  2444 ,  2506
-139.0 ,  2539 ,  2603 ,  2563 ,  2487 ,  2558
-138.0 ,  2579 ,  2699 ,  2347 ,  2535 ,  2469
-137.0 ,  2414 ,  2436 ,  2525 ,  2535 ,  2400
-136.0 ,  2571 ,  2830 ,  2592 ,  2543 ,  2579
-135.0 ,  2534 ,  2435 ,  2503 ,  2479 ,  2790
-134.0 ,  2538 ,  2714 ,  2586 ,  2556 ,  2573
-133.0 ,  2466 ,  2712 ,  2675 ,  2597 ,  2595
-132.0 ,  2652 ,  2625 ,  2456 ,  2615 ,  2565
-131.0 ,  2660 ,  2575 ,  2728 ,  2568 ,  2681
-130.0 ,  2535 ,  2471 ,  2708 ,  2448 ,  2642
-129.0 ,  2453 ,  2611 ,  2779 ,  2666 ,  2629
-128.0 ,  2545 ,  2611 ,  2679 ,  2724 ,  2517
-127.0 ,  2563 ,  2502 ,  2663 ,  2626 ,  2589
-126.0 ,  2666 ,  2751 ,  2842 ,  2717 ,  2599
-125.0 ,  2653 ,  2542 ,  2668 ,  2687 ,  2591
-124.0 ,  2655 ,  2551 ,  2829 ,  2800 ,  2630
-123.0 ,  2583 ,  2702 ,  2730 ,  2577 ,  2738
-122.0 ,  2574 ,  2666 ,  2641 ,  2668 ,  2762
-121.0 ,  2559 ,  2650 ,  2616 ,  2510 ,  2609
-120.0 ,  2559 ,  2709 ,  2637 ,  2679 ,  2598
-119.0 ,  2747 ,  2613 ,  2641 ,  2638 ,  2513
-118.0 ,  2805 ,  2724 ,  2926 ,  2581 ,  2810
-117.0 ,  2858 ,  2760 ,  2765 ,  2861 ,  2743
-116.0 ,  2722 ,  2804 ,  2775 ,  2872 ,  2889
-115.0 ,  2676 ,  2938 ,  2796 ,  2714 ,  2855
-114.0 ,  2826 ,  2740 ,  2746 ,  2773 ,  2832
-113.0 ,  2866 ,  2677 ,  2791 ,  2849 ,  2700
-112.0 ,  2720 ,  2921 ,  2791 ,  2958 ,  2901
-111.0 ,  2741 ,  2960 ,  2799 ,  2926 ,  2589
-110.0 ,  2820 ,  2851 ,  2814 ,  2912 ,  2958
-109.0 ,  2979 ,  2851 ,  2933 ,  2939 ,  3050
-108.0 ,  2711 ,  2864 ,  2970 ,  2750 ,  2917
-107.0 ,  2789 ,  2773 ,  2887 ,  2900 ,  3023
-106.0 ,  2966 ,  3049 ,  2833 ,  2857 ,  2881
-105.0 ,  3026 ,  2749 ,  3215 ,  2853 ,  3042
-104.0 ,  2935 ,  2903 ,  3148 ,  2875 ,  3137
-103.0 ,  2877 ,  3025 ,  3024 ,  2920 ,  3063
-102.0 ,  2957 ,  3015 ,  3074 ,  3002 ,  2862
-101.0 ,  3251 ,  2866 ,  3074 ,  2735 ,  2779
-100.0 ,  3095 ,  2993 ,  3068 ,  3020 ,  3074
-99.0 ,  3033 ,  3038 ,  3102 ,  3079 ,  2978
-98.0 ,  2968 ,  3062 ,  3037 ,  3182 ,  2968
-97.0 ,  3095 ,  3043 ,  3168 ,  2986 ,  3159
-96.0 ,  3050 ,  3114 ,  3019 ,  3117 ,  3274
-95.0 ,  3231 ,  3068 ,  3095 ,  3082 ,  3133
-94.0 ,  3175 ,  2905 ,  3271 ,  3079 ,  3229
-93.0 ,  3256 ,  3148 ,  3226 ,  3049 ,  3155
-92.0 ,  3219 ,  3122 ,  3423 ,  3268 ,  3136
-91.0 ,  3138 ,  3202 ,  3178 ,  3239 ,  3136
-90.0 ,  3224 ,  3262 ,  3237 ,  3085 ,  3135
-89.0 ,  3161 ,  3424 ,  3208 ,  3295 ,  3346
-88.0 ,  3184 ,  3428 ,  3409 ,  3310 ,  3129
-87.0 ,  3394 ,  3194 ,  3323 ,  3379 ,  3413
-86.0 ,  3324 ,  3049 ,  3438 ,  3376 ,  3560
-85.0 ,  3418 ,  3494 ,  3547 ,  3146 ,  3550
-84.0 ,  3346 ,  3215 ,  3369 ,  3368 ,  3464
-83.0 ,  3340 ,  3425 ,  3591 ,  3267 ,  3427
-82.0 ,  3305 ,  3481 ,  3774 ,  3427 ,  3652
-81.0 ,  3416 ,  3646 ,  3591 ,  3357 ,  3618
-80.0 ,  3604 ,  3616 ,  3466 ,  3211 ,  3641
-79.0 ,  3432 ,  3568 ,  3545 ,  3809 ,  3611
-78.0 ,  3562 ,  3447 ,  3634 ,  3649 ,  3621
-77.0 ,  3668 ,  3641 ,  3659 ,  3709 ,  3677
-76.0 ,  3755 ,  3654 ,  3767 ,  3790 ,  3778
-75.0 ,  3788 ,  3850 ,  3616 ,  3653 ,  3746
-74.0 ,  3776 ,  3501 ,  3808 ,  3704 ,  3756
-73.0 ,  3839 ,  3835 ,  3690 ,  3880 ,  3747
-72.0 ,  3785 ,  3945 ,  3688 ,  3919 ,  3775
-71.0 ,  3759 ,  3947 ,  3750 ,  3823 ,  3937
-70.0 ,  3680 ,  4082 ,  3900 ,  3815 ,  3972
-69.0 ,  3802 ,  3985 ,  3874 ,  3762 ,  3815
-68.0 ,  3939 ,  4003 ,  3976 ,  3951 ,  4069
-67.0 ,  3989 ,  4016 ,  3943 ,  4007 ,  4066
-66.0 ,  4075 ,  4063 ,  4025 ,  4176 ,  4124
-65.0 ,  4068 ,  4110 ,  4271 ,  4138 ,  4299
-64.0 ,  4487 ,  4369 ,  4297 ,  4186 ,  4416
-63.0 ,  4463 ,  4384 ,  4566 ,  4099 ,  4574
-62.0 ,  4546 ,  4497 ,  4579 ,  4414 ,  4350
-61.0 ,  4494 ,  4727 ,  4627 ,  4628 ,  4379
-60.0 ,  4630 ,  4727 ,  4690 ,  4661 ,  4790
-59.0 ,  5201 ,  4711 ,  4775 ,  4734 ,  4802
-58.0 ,  5182 ,  4868 ,  5072 ,  4849 ,  4826
-57.0 ,  5277 ,  5207 ,  5266 ,  5161 ,  5249
-56.0 ,  5228 ,  5482 ,  5453 ,  5405 ,  5631
-55.0 ,  5733 ,  5754 ,  5896 ,  5765 ,  5790
-54.0 ,  6014 ,  6089 ,  6130 ,  6285 ,  6251
-53.0 ,  6338 ,  6629 ,  6794 ,  6754 ,  6584
-52.0 ,  7086 ,  7476 ,  6979 ,  6915 ,  7023
-51.0 ,  7768 ,  7748 ,  7791 ,  7758 ,  8020
-50.0 ,  8924 ,  8693 ,  8108 ,  8520 ,  8316
-49.0 ,  9607 ,  9827 ,  9362 ,  9517 ,  9375
-48.0 ,  10620 ,  10946 ,  10456 ,  10660 ,  10517
-47.0 ,  11570 ,  12139 ,  11665 ,  11935 ,  11598
-46.0 ,  13119 ,  13634 ,  12720 ,  13461 ,  13085
-45.0 ,  14718 ,  14851 ,  14502 ,  14732 ,  14686
-44.0 ,  16281 ,  16555 ,  15949 ,  16545 ,  16208
-43.0 ,  17972 ,  18327 ,  17699 ,  18037 ,  17825
-42.0 ,  20057 ,  20313 ,  19518 ,  20131 ,  19340
-41.0 ,  21919 ,  22122 ,  21450 ,  21934 ,  21652
-40.0 ,  23876 ,  23987 ,  23322 ,  23883 ,  23531
-39.0 ,  25663 ,  26103 ,  25331 ,  25984 ,  25419
-38.0 ,  27273 ,  27489 ,  26953 ,  27403 ,  27129
-37.0 ,  28580 ,  28927 ,  28452 ,  28570 ,  28545
-36.0 ,  29749 ,  29970 ,  29494 ,  29690 ,  29731
-35.0 ,  30781 ,  30774 ,  30532 ,  30639 ,  30595
-34.0 ,  31481 ,  31419 ,  31202 ,  31185 ,  31409
-33.0 ,  31794 ,  31786 ,  31776 ,  31773 ,  32012
-32.0 ,  32246 ,  32390 ,  32243 ,  32116 ,  32249
-31.0 ,  32707 ,  32600 ,  32526 ,  32553 ,  32698
-30.0 ,  32891 ,  33066 ,  32889 ,  33021 ,  32911
-29.0 ,  33058 ,  33131 ,  33386 ,  33116 ,  33214
-28.0 ,  33354 ,  33327 ,  33357 ,  33292 ,  33366
-27.0 ,  33440 ,  33343 ,  33578 ,  33384 ,  33447
-26.0 ,  33460 ,  33635 ,  33727 ,  33526 ,  33632
-25.0 ,  33675 ,  33662 ,  33647 ,  33726 ,  33950
-24.0 ,  33972 ,  33673 ,  33768 ,  33810 ,  34046
-23.0 ,  33747 ,  33939 ,  33887 ,  33707 ,  34082
-22.0 ,  34045 ,  33855 ,  34121 ,  33812 ,  33960
-21.0 ,  34045 ,  33813 ,  34148 ,  34034 ,  34121
-20.0 ,  34229 ,  34162 ,  34132 ,  34062 ,  34008
-19.0 ,  34138 ,  34225 ,  34130 ,  34191 ,  34173
-18.0 ,  34184 ,  33975 ,  34101 ,  34087 ,  34149
-17.0 ,  34058 ,  34209 ,  34141 ,  34128 ,  34190
-16.0 ,  34082 ,  34133 ,  34408 ,  34072 ,  34384
-15.0 ,  34438 ,  34511 ,  34311 ,  34196 ,  34334
-14.0 ,  34391 ,  34352 ,  34313 ,  34211 ,  34331
-13.0 ,  34364 ,  34359 ,  34466 ,  34306 ,  34418
-12.0 ,  34407 ,  34388 ,  34519 ,  34342 ,  34489
-11.0 ,  34431 ,  34491 ,  34498 ,  34397 ,  34522
-10.0 ,  34477 ,  34304 ,  34456 ,  34504 ,  34562
-9.0 ,  34462 ,  34335 ,  34424 ,  34465 ,  34415
-8.0 ,  34304 ,  34287 ,  34570 ,  34382 ,  34505
-7.0 ,  34441 ,  34312 ,  34637 ,  34516 ,  34519
-6.0 ,  34562 ,  34319 ,  34637 ,  34189 ,  34577
-5.0 ,  34511 ,  34577 ,  34609 ,  34322 ,  34559
-4.0 ,  34486 ,  34406 ,  34636 ,  34458 ,  34623
-3.0 ,  34495 ,  34483 ,  34650 ,  34495 ,  34411
-2.0 ,  34410 ,  34483 ,  34428 ,  34504 ,  34614
-1.0 ,  34510 ,  34584 ,  34477 ,  34503 ,  34572
0.0 ,  34345 ,  34529 ,  34570 ,  34239 ,  34592
1.0 ,  34453 ,  34533 ,  34666 ,  34456 ,  34630
2.0 ,  34506 ,  34554 ,  34568 ,  34439 ,  34756
3.0 ,  34514 ,  34336 ,  34724 ,  34529 ,  34743
4.0 ,  34530 ,  34386 ,  34572 ,  34440 ,  34781
5.0 ,  34608 ,  34454 ,  34564 ,  34346 ,  34520
6.0 ,  34451 ,  34453 ,  34554 ,  34401 ,  34477
7.0 ,  34545 ,  34423 ,  34558 ,  34485 ,  34598
8.0 ,  34499 ,  34477 ,  34692 ,  34515 ,  34659
9.0 ,  34462 ,  34457 ,  34659 ,  34424 ,  34541
10.0 ,  34454 ,  34641 ,  34657 ,  34585 ,  34582
11.0 ,  34494 ,  34351 ,  34656 ,  34471 ,  34579
12.0 ,  34444 ,  34433 ,  34684 ,  34514 ,  34450
13.0 ,  34299 ,  34685 ,  34622 ,  34322 ,  34420
14.0 ,  34396 ,  34588 ,  34586 ,  34373 ,  34530
15.0 ,  34376 ,  34357 ,  34490 ,  34402 ,  34571
16.0 ,  34384 ,  34307 ,  34353 ,  34225 ,  34423
17.0 ,  34303 ,  34325 ,  34335 ,  34399 ,  34333
18.0 ,  34198 ,  34278 ,  34428 ,  34287 ,  34256
19.0 ,  34127 ,  34313 ,  34428 ,  34242 ,  34202
20.0 ,  34150 ,  34226 ,  34346 ,  34271 ,  34301
21.0 ,  33994 ,  33947 ,  34323 ,  34116 ,  34277
22.0 ,  33860 ,  34097 ,  34254 ,  34000 ,  34149
23.0 ,  34015 ,  34091 ,  34173 ,  34073 ,  34102
24.0 ,  33938 ,  34007 ,  34059 ,  33905 ,  34070
25.0 ,  33730 ,  34048 ,  33995 ,  33830 ,  34022
26.0 ,  33840 ,  33721 ,  33814 ,  33675 ,  33903
27.0 ,  33744 ,  33638 ,  33864 ,  33750 ,  33818
28.0 ,  33799 ,  33672 ,  33550 ,  33798 ,  33842
29.0 ,  33565 ,  33462 ,  33620 ,  33514 ,  33803
30.0 ,  33310 ,  33509 ,  33527 ,  33280 ,  33444
31.0 ,  33257 ,  33172 ,  33414 ,  33170 ,  33389
32.0 ,  33122 ,  32995 ,  33302 ,  32902 ,  33127
33.0 ,  32902 ,  32861 ,  33009 ,  32763 ,  33142
34.0 ,  32552 ,  32232 ,  32620 ,  32234 ,  32599
35.0 ,  32040 ,  31854 ,  32271 ,  32221 ,  32263
36.0 ,  31643 ,  31185 ,  31809 ,  31331 ,  31697
37.0 ,  30980 ,  30571 ,  31088 ,  30925 ,  31128
38.0 ,  30216 ,  29821 ,  30394 ,  29928 ,  30163
39.0 ,  29096 ,  28614 ,  29452 ,  28873 ,  29257
40.0 ,  27959 ,  27502 ,  28432 ,  27566 ,  28062
41.0 ,  26456 ,  25818 ,  26970 ,  26216 ,  26603
42.0 ,  24796 ,  24497 ,  25393 ,  24650 ,  25083
43.0 ,  22584 ,  22228 ,  23322 ,  22323 ,  23132
44.0 ,  20828 ,  20292 ,  21592 ,  20340 ,  21205
45.0 ,  18334 ,  17819 ,  19373 ,  17936 ,  18952
46.0 ,  16086 ,  15805 ,  16750 ,  15843 ,  16481
47.0 ,  13967 ,  13396 ,  14700 ,  13606 ,  14180
48.0 ,  11672 ,  11267 ,  12442 ,  11287 ,  12013
49.0 ,  10061 ,  9665 ,  10477 ,  9478 ,  10159
50.0 ,  8540 ,  8272 ,  9072 ,  8377 ,  8539
51.0 ,  7895 ,  7147 ,  7232 ,  7429 ,  7495
52.0 ,  6629 ,  6173 ,  6983 ,  6523 ,  6941
53.0 ,  6239 ,  5752 ,  6296 ,  5891 ,  6302
54.0 ,  5941 ,  5586 ,  5804 ,  5677 ,  5794
55.0 ,  5390 ,  5177 ,  5225 ,  5157 ,  5139
56.0 ,  4970 ,  5183 ,  5396 ,  4871 ,  5148
57.0 ,  4795 ,  4819 ,  5250 ,  4843 ,  5005
58.0 ,  4674 ,  4642 ,  4997 ,  4567 ,  4724
59.0 ,  4653 ,  4553 ,  4701 ,  4424 ,  4679
60.0 ,  4253 ,  4297 ,  4626 ,  4242 ,  4702
61.0 ,  4446 ,  4240 ,  4463 ,  4436 ,  4357
62.0 ,  4316 ,  4376 ,  4379 ,  4521 ,  4289
63.0 ,  4273 ,  4058 ,  4181 ,  4294 ,  4145
64.0 ,  4201 ,  3966 ,  4061 ,  4007 ,  4072
65.0 ,  3926 ,  4018 ,  4084 ,  4003 ,  3910
66.0 ,  3906 ,  4010 ,  3995 ,  3924 ,  3927
67.0 ,  3843 ,  3839 ,  3937 ,  3809 ,  3930
68.0 ,  3837 ,  3708 ,  3813 ,  3732 ,  3889
69.0 ,  3789 ,  3647 ,  3898 ,  3733 ,  3880
70.0 ,  3883 ,  3558 ,  3748 ,  3779 ,  3808
71.0 ,  3737 ,  3822 ,  3637 ,  3707 ,  3656
72.0 ,  3702 ,  3688 ,  3625 ,  3745 ,  3717
73.0 ,  3758 ,  3522 ,  3618 ,  3440 ,  3695
74.0 ,  3735 ,  3513 ,  3488 ,  3444 ,  3598
75.0 ,  3623 ,  3570 ,  3693 ,  3623 ,  3502
76.0 ,  3623 ,  3306 ,  3623 ,  3273 ,  3348
77.0 ,  3415 ,  3602 ,  3519 ,  3578 ,  3313
78.0 ,  3365 ,  3516 ,  3157 ,  3514 ,  3402
79.0 ,  3295 ,  3255 ,  3326 ,  3336 ,  3294
80.0 ,  3359 ,  3421 ,  3189 ,  3177 ,  3221
81.0 ,  3036 ,  3330 ,  3308 ,  3320 ,  3296
82.0 ,  3086 ,  2926 ,  3365 ,  3231 ,  3344
83.0 ,  3313 ,  3027 ,  3217 ,  3264 ,  3015
84.0 ,  3346 ,  3230 ,  3364 ,  3276 ,  3236
85.0 ,  3257 ,  2795 ,  3408 ,  3155 ,  3281
86.0 ,  3170 ,  3077 ,  3138 ,  3120 ,  3178
87.0 ,  2850 ,  3132 ,  2987 ,  3053 ,  3308
88.0 ,  3059 ,  2952 ,  3183 ,  3019 ,  3074
89.0 ,  3102 ,  3009 ,  3161 ,  3103 ,  3206
90.0 ,  3201 ,  3241 ,  3129 ,  2969 ,  3159
91.0 ,  3052 ,  3007 ,  2998 ,  3064 ,  3093
92.0 ,  2972 ,  2867 ,  3100 ,  3013 ,  3030
93.0 ,  2797 ,  3100 ,  2988 ,  2919 ,  3018
94.0 ,  2920 ,  2959 ,  2978 ,  2876 ,  3081
95.0 ,  2705 ,  2777 ,  2803 ,  3167 ,  2785
96.0 ,  3028 ,  2715 ,  2934 ,  2947 ,  2932
97.0 ,  2895 ,  2653 ,  2743 ,  3020 ,  2755
98.0 ,  2772 ,  2819 ,  2880 ,  2820 ,  2927
99.0 ,  2797 ,  2667 ,  3150 ,  2866 ,  2748
100.0 ,  2888 ,  2606 ,  2694 ,  2927 ,  2798
101.0 ,  2848 ,  2606 ,  2760 ,  2841 ,  2705
102.0 ,  2874 ,  2712 ,  2953 ,  2556 ,  2918
103.0 ,  2768 ,  2736 ,  2897 ,  2902 ,  2711
104.0 ,  2802 ,  2632 ,  2566 ,  2746 ,  2840
105.0 ,  2712 ,  2688 ,  2763 ,  2682 ,  2903
106.0 ,  3020 ,  2911 ,  2788 ,  2906 ,  2775
107.0 ,  2795 ,  2806 ,  2777 ,  2788 ,  2709
108.0 ,  2596 ,  2651 ,  2572 ,  2455 ,  2650
109.0 ,  2708 ,  2500 ,  2802 ,  2654 ,  2638
110.0 ,  2688 ,  2682 ,  2722 ,  2708 ,  2649
111.0 ,  2644 ,  2582 ,  2620 ,  2591 ,  2501
112.0 ,  2429 ,  2569 ,  2807 ,  2610 ,  2914
113.0 ,  2540 ,  2610 ,  2728 ,  2706 ,  2642
114.0 ,  2535 ,  2679 ,  2802 ,  2622 ,  2635
115.0 ,  2548 ,  2603 ,  2647 ,  2718 ,  2766
116.0 ,  2599 ,  2709 ,  2562 ,  2590 ,  2533
117.0 ,  2679 ,  2572 ,  2567 ,  2656 ,  2636
118.0 ,  2556 ,  2262 ,  2652 ,  2517 ,  2600
119.0 ,  2614 ,  2518 ,  2414 ,  2377 ,  2560
120.0 ,  2591 ,  2656 ,  2445 ,  2437 ,  2458
121.0 ,  2535 ,  2608 ,  2686 ,  2538 ,  2547
122.0 ,  2529 ,  2521 ,  2578 ,  2332 ,  2708
123.0 ,  2559 ,  2601 ,  2471 ,  2411 ,  2451
124.0 ,  2642 ,  2522 ,  2446 ,  2524 ,  2553
125.0 ,  2485 ,  2456 ,  2575 ,  2493 ,  2632
126.0 ,  2485 ,  2459 ,  2328 ,  2534 ,  2501
127.0 ,  2671 ,  2273 ,  2328 ,  2300 ,  2517
128.0 ,  2246 ,  2402 ,  2451 ,  2414 ,  2408
129.0 ,  2527 ,  2561 ,  2460 ,  2504 ,  2569
130.0 ,  2511 ,  2566 ,  2472 ,  2530 ,  2507
131.0 ,  2278 ,  2140 ,  2470 ,  2347 ,  2439
132.0 ,  2376 ,  2364 ,  2423 ,  2295 ,  2475
133.0 ,  2538 ,  2207 ,  2424 ,  2550 ,  2335
134.0 ,  2396 ,  2250 ,  2267 ,  2456 ,  2398
135.0 ,  2508 ,  2478 ,  2625 ,  2403 ,  2357
136.0 ,  2424 ,  2372 ,  2504 ,  2456 ,  2340
137.0 ,  2509 ,  2318 ,  2531 ,  2363 ,  2436
138.0 ,  2395 ,  2264 ,  2390 ,  2232 ,  2539
139.0 ,  2519 ,  2220 ,  2433 ,  2209 ,  2374
140.0 ,  2472 ,  2215 ,  2390 ,  1988 ,  2197
141.0 ,  2315 ,  2254 ,  2301 ,  2390 ,  2157
142.0 ,  2338 ,  2458 ,  2540 ,  2362 ,  2475
143.0 ,  2458 ,  2352 ,  2570 ,  2307 ,  2453
144.0 ,  2233 ,  2405 ,  2404 ,  2256 ,  2449
145.0 ,  2299 ,  2208 ,  2433 ,  2359 ,  2528
146.0 ,  2306 ,  2212 ,  2190 ,  2341 ,  2343
147.0 ,  2300 ,  2345 ,  2111 ,  2212 ,  2305
148.0 ,  2300 ,  2344 ,  2555 ,  2179 ,  2348
149.0 ,  2200 ,  2237 ,  2229 ,  2284 ,  2350
150.0 ,  2384 ,  2249 ,  2291 ,  2235 ,  2275
151.0 ,  2180 ,  2133 ,  2261 ,  2378 ,  2379
152.0 ,  2210 ,  2290 ,  2002 ,  2315 ,  2208
153.0 ,  2573 ,  2172 ,  2259 ,  2326 ,  2132
154.0 ,  2414 ,  2421 ,  2268 ,  2167 ,  1844
155.0 ,  2389 ,  2038 ,  2331 ,  2143 ,  2228
156.0 ,  2167 ,  2024 ,  2132 ,  2407 ,  2233
157.0 ,  2377 ,  1988 ,  2279 ,  2117 ,  1976
158.0 ,  2295 ,  2073 ,  2147 ,  2266 ,  2295
159.0 ,  2273 ,  2354 ,  2230 ,  2296 ,  2269
160.0 ,  2205 ,  2199 ,  2319 ,  2305 ,  2284
161.0 ,  2309 ,  2328 ,  2204 ,  2244 ,  2240
162.0 ,  2162 ,  2395 ,  2382 ,  2367 ,  2105
163.0 ,  2212 ,  2196 ,  2131 ,  2180 ,  2311
164.0 ,  2274 ,  2249 ,  2376 ,  2420 ,  2281
165.0 ,  2333 ,  1876 ,  2150 ,  1973 ,  2235
166.0 ,  2223 ,  2073 ,  2101 ,  2213 ,  2225
167.0 ,  1951 ,  1996 ,  2197 ,  2039 ,  2043
168.0 ,  2061 ,  2296 ,  2177 ,  1989 ,  2139
169.0 ,  2039 ,  1931 ,  2219 ,  2101 ,  2077
170.0 ,  2100 ,  2102 ,  2336 ,  2193 ,  2059
171.0 ,  2160 ,  2099 ,  1931 ,  2169 ,  2021
172.0 ,  2165 ,  2438 ,  2216 ,  2212 ,  2117
173.0 ,  2196 ,  2317 ,  2146 ,  2010 ,  2190
174.0 ,  2105 ,  2141 ,  2071 ,  2126 ,  2083
175.0 ,  2169 ,  2046 ,  2164 ,  2258 ,  2118
176.0 ,  1957 ,  1991 ,  2094 ,  2035 ,  2168
177.0 ,  2152 ,  1897 ,  2168 ,  2029 ,  2167
178.0 ,  2086 ,  2060 ,  2179 ,  2151 ,  1944
179.0 ,  2031 ,  2189 ,  2004 ,  2059 ,  2245
180.0 ,  2182 ,  2013 ,  2188 ,  2192 ,  2198
181.0 ,  2172 ,  2262 ,  2295 ,  2059 ,  2143
182.0 ,  2394 ,  2027 ,  2022 ,  2011 ,  2050
183.0 ,  2248 ,  2128 ,  2219 ,  1955 ,  1980
184.0 ,  2313 ,  2260 ,  2265 ,  2011 ,  2001
185.0 ,  1935 ,  2054 ,  2161 ,  2062 ,  2100
186.0 ,  1830 ,  2103 ,  2255 ,  2094 ,  2138
187.0 ,  1720 ,  2387 ,  2281 ,  2223 ,  2149
188.0 ,  1991 ,  2167 ,  2051 ,  2021 ,  2141
189.0 ,  2082 ,  2350 ,  2074 ,  2006 ,  2075
190.0 ,  2029 ,  2157 ,  2116 ,  2005 ,  1975
191.0 ,  2121 ,  2426 ,  2049 ,  2027 ,  1981
192.0 ,  1888 ,  2063 ,  2053 ,  2137 ,  1893
193.0 ,  1988 ,  2195 ,  2006 ,  2062 ,  1829
194.0 ,  1971 ,  2174 ,  1952 ,  2073 ,  2057
195.0 ,  2068 ,  2092 ,  1989 ,  2208 ,  1933
196.0 ,  2097 ,  1915 ,  1976 ,  1972 ,  2085
197.0 ,  2209 ,  2198 ,  2155 ,  2116 ,  2107
198.0 ,  2090 ,  2090 ,  2091 ,  2109 ,  2105
199.0 ,  2090 ,  2094 ,  2147 ,  2035 ,  2228
200.0 ,  2090 ,  2122 ,  1984 ,  2089 ,  2015
201.0 ,  1784 ,  1885 ,  1967 ,  2009 ,  1805
202.0 ,  1821 ,  1924 ,  2198 ,  1955 ,  2161
203.0 ,  1982 ,  1898 ,  2134 ,  1887 ,  1985
204.0 ,  1898 ,  1882 ,  2090 ,  2116 ,  2104
205.0 ,  1971 ,  1916 ,  2026 ,  2167 ,  1878
206.0 ,  1922 ,  2028 ,  2186 ,  2012 ,  2350
207.0 ,  1912 ,  1863 ,  2133 ,  2183 ,  1850
208.0 ,  1998 ,  1733 ,  2037 ,  2192 ,  1956
209.0 ,  2055 ,  1902 ,  2016 ,  2181 ,  2030
210.0 ,  2072 ,  2046 ,  2000 ,  1976 ,  1882
211.0 ,  2227 ,  1954 ,  1930 ,  1986 ,  2204
212.0 ,  1928 ,  2016 ,  1967 ,  2052 ,  2027
213.0 ,  1952 ,  2050 ,  1866 ,  1758 ,  2147
214.0 ,  2091 ,  1879 ,  1871 ,  1871 ,  2106
215.0 ,  1801 ,  1680 ,  1826 ,  1874 ,  2139
216.0 ,  1998 ,  2112 ,  2095 ,  2164 ,  2008
217.0 ,  1993 ,  1972 ,  1963 ,  2061 ,  2003
218.0 ,  1974 ,  1972 ,  1960 ,  2144 ,  2010
219.0 ,  2059 ,  1992 ,  1897 ,  2100 ,  1992
220.0 ,  2257 ,  2058 ,  2015 ,  1857 ,  2080
221.0 ,  2020 ,  1934 ,  1971 ,  1755 ,  1903
222.0 ,  1853 ,  2023 ,  1915 ,  1902 ,  1929
223.0 ,  2024 ,  2001 ,  1870 ,  1928 ,  1900
224.0 ,  1947 ,  1797 ,  1903 ,  1894 ,  1832
225.0 ,  1908 ,  1876 ,  1994 ,  1908 ,  2038
226.0 ,  2101 ,  1900 ,  1979 ,  1957 ,  2179
227.0 ,  1916 ,  1831 ,  2033 ,  2045 ,  2153
228.0 ,  2164 ,  1835 ,  1895 ,  1965 ,  2114
229.0 ,  1778 ,  1735 ,  1891 ,  1847 ,  1990
230.0 ,  1830 ,  1783 ,  1852 ,  1806 ,  1805
231.0 ,  1820 ,  1945 ,  1927 ,  1973 ,  2031
232.0 ,  1880 ,  2027 ,  1921 ,  1923 ,  1912
233.0 ,  1826 ,  2061 ,  1799 ,  1867 ,  1967
234.0 ,  1808 ,  2024 ,  1999 ,  1815 ,  1934
235.0 ,  1896 ,  1902 ,  1746 ,  1716 ,  1914
236.0 ,  1893 ,  1809 ,  1861 ,  1772 ,  2080
237.0 ,  1884 ,  1986 ,  1972 ,  1783 ,  2104
238.0 ,  1901 ,  2066 ,  2010 ,  1872 ,  1770
239.0 ,  1819 ,  2031 ,  1853 ,  1960 ,  2143
240.0 ,  1619 ,  1794 ,  1811 ,  1781 ,  1925
241.0 ,  1678 ,  1866 ,  1954 ,  1764 ,  1811
242.0 ,  1895 ,  1965 ,  1894 ,  1787 ,  1770
243.0 ,  1956 ,  1895 ,  1559 ,  1802 ,  1838
244.0 ,  1811 ,  1869 ,  1861 ,  1933 ,  1757
245.0 ,  1796 ,  1864 ,  2016 ,  1897 ,  1794
246.0 ,  2093 ,  1640 ,  1906 ,  2121 ,  1861
247.0 ,  1753 ,  2027 ,  1722 ,  1916 ,  1777
248.0 ,  1806 ,  2019 ,  1670 ,  1827 ,  1771
249.0 ,  1799 ,  1851 ,  1977 ,  1763 ,  1842
250.0 ,  1917 ,  1896 ,  1926 ,  1668 ,  1757
251.0 ,  1777 ,  1788 ,  1754 ,  1726 ,  1779
252.0 ,  1827 ,  1832 ,  1700 ,  1741 ,  1825
253.0 ,  2036 ,  1847 ,  1741 ,  1789 ,  1631
254.0 ,  1722 ,  1968 ,  1660 ,  1705 ,  1896
255.0 ,  1840 ,  1770 ,  1799 ,  1849 ,  1703
256.0 ,  1724 ,  1808 ,  1699 ,  1742 ,  1757
257.0 ,  1691 ,  1881 ,  1899 ,  1764 ,  1892
258.0 ,  1891 ,  1808 ,  1684 ,  1758 ,  1843
259.0 ,  1861 ,  1863 ,  1494 ,  1630 ,  1840
260.0 ,  1820 ,  1838 ,  1803 ,  1666 ,  1669
261.0 ,  2042 ,  1787 ,  1928 ,  1809 ,  1651
262.0 ,  1884 ,  1769 ,  1919 ,  1826 ,  1715
263.0 ,  1888 ,  1997 ,  1726 ,  1826 ,  1752
264.0 ,  1797 ,  1739 ,  1822 ,  1672 ,  1800
265.0 ,  1730 ,  1869 ,  1698 ,  1794 ,  1867
266.0 ,  1974 ,  1934 ,  1825 ,  1941 ,  1774
267.0 ,  1922 ,  1957 ,  1955 ,  1782 ,  1986
268.0 ,  1714 ,  1967 ,  1846 ,  1629 ,  1782
269.0 ,  1693 ,  1905 ,  1846 ,  1888 ,  1768
270.0 ,  1994 ,  1734 ,  1999 ,  1639 ,  1729
271.0 ,  1875 ,  1948 ,  1814 ,  1811 ,  1923
272.0 ,  1678 ,  1697 ,  1882 ,  1946 ,  1963
273.0 ,  1801 ,  1704 ,  1996 ,  2062 ,  1808
274.0 ,  1751 ,  1752 ,  1954 ,  1857 ,  1876
275.0 ,  1999 ,  1732 ,  1739 ,  1792 ,  1685
276.0 ,  1784 ,  1811 ,  1467 ,  1875 ,  2005
277.0 ,  1873 ,  1959 ,  1848 ,  1915 ,  1813
278.0 ,  1878 ,  1837 ,  1859 ,  1767 ,  1805
279.0 ,  1782 ,  1721 ,  1731 ,  1825 ,  1898
280.0 ,  1900 ,  1661 ,  1719 ,  1845 ,  1715
281.0 ,  1860 ,  1576 ,  1654 ,  1902 ,  1705
282.0 ,  1851 ,  1745 ,  1790 ,  1760 ,  1830
283.0 ,  1785 ,  1760 ,  1786 ,  1972 ,  1964
284.0 ,  1713 ,  1778 ,  1862 ,  1920 ,  1854
285.0 ,  1645 ,  1764 ,  1856 ,  1779 ,  1969
286.0 ,  1557 ,  1497 ,  1856 ,  1784 ,  1972
287.0 ,  1767 ,  1696 ,  1625 ,  1786 ,  1642
288.0 ,  1918 ,  1852 ,  1634 ,  1694 ,  1731
289.0 ,  1937 ,  1777 ,  1701 ,  1699 ,  1588
290.0 ,  1837 ,  1596 ,  1674 ,  1787 ,  1695
291.0 ,  1880 ,  1693 ,  1836 ,  1740 ,  1904
292.0 ,  1880 ,  1709 ,  1821 ,  1869 ,  1718
293.0 ,  1963 ,  1932 ,  1704 ,  1774 ,  1956
294.0 ,  1984 ,  1754 ,  1822 ,  1803 ,  1937
295.0 ,  1789 ,  1743 ,  1568 ,  1660 ,  1711
296.0 ,  1879 ,  1805 ,  1565 ,  1859 ,  1707
297.0 ,  1655 ,  1973 ,  1718 ,  1515 ,  1810
298.0 ,  1823 ,  1884 ,  1786 ,  1735 ,  1998
299.0 ,  1865 ,  1795 ,  1878 ,  1658 ,  1980
300.0 ,  1870 ,  1706 ,  1586 ,  1770 ,  1829
301.0 ,  2068 ,  1810 ,  1823 ,  1710 ,  1751
302.0 ,  1625 ,  1878 ,  1824 ,  1704 ,  1690
303.0 ,  1755 ,  1647 ,  1697 ,  1673 ,  1718
304.0 ,  1813 ,  1682 ,  1963 ,  1891 ,  1855
305.0 ,  1947 ,  1755 ,  1484 ,  1796 ,  1844
306.0 ,  1699 ,  1559 ,  1955 ,  1775 ,  1705
307.0 ,  1526 ,  1931 ,  1825 ,  1834 ,  1940
308.0 ,  1529 ,  1817 ,  1611 ,  2043 ,  1556
309.0 ,  1911 ,  1730 ,  1763 ,  1903 ,  1789
310.0 ,  1874 ,  1644 ,  1837 ,  1812 ,  1801
311.0 ,  1823 ,  1885 ,  1523 ,  1694 ,  1725
312.0 ,  1644 ,  1480 ,  1751 ,  1729 ,  1757
313.0 ,  1715 ,  1516 ,  1961 ,  1397 ,  1716
314.0 ,  1494 ,  1803 ,  2133 ,  1728 ,  1694
315.0 ,  1769 ,  1696 ,  1795 ,  1627 ,  1698
316.0 ,  1842 ,  1751 ,  1705 ,  1481 ,  1613
317.0 ,  1725 ,  1499 ,  1760 ,  1652 ,  1789
318.0 ,  1719 ,  1512 ,  1640 ,  1726 ,  1858
319.0 ,  1927 ,  1536 ,  1671 ,  1645 ,  1683
320.0 ,  1749 ,  1624 ,  1647 ,  1602 ,  1821
321.0 ,  1840 ,  1670 ,  1528 ,  1666 ,  1774
322.0 ,  1583 ,  1746 ,  1782 ,  1817 ,  1398
323.0 ,  1797 ,  1877 ,  1789 ,  1582 ,  1825
324.0 ,  1929 ,  1925 ,  1827 ,  1694 ,  1669
325.0 ,  1850 ,  1812 ,  1946 ,  1729 ,  1641
326.0 ,  1599 ,  1674 ,  1569 ,  1831 ,  1699
327.0 ,  1787 ,  1610 ,  1890 ,  1493 ,  1790
328.0 ,  1652 ,  1718 ,  1683 ,  1701 ,  1965
329.0 ,  1741 ,  1699 ,  1542 ,  1612 ,  1862
330.0 ,  1691 ,  1659 ,  1733 ,  1641 ,  1780
331.0 ,  1595 ,  1910 ,  1828 ,  1736 ,  1853
332.0 ,  1753 ,  1614 ,  1656 ,  1772 ,  1688
333.0 ,  1774 ,  1778 ,  1552 ,  1712 ,  1552
334.0 ,  1700 ,  1778 ,  1487 ,  1452 ,  1583
335.0 ,  1695 ,  1781 ,  1620 ,  1792 ,  1830
336.0 ,  1833 ,  1574 ,  1682 ,  1646 ,  1615
337.0 ,  1617 ,  1814 ,  1815 ,  1824 ,  1722
338.0 ,  1481 ,  1876 ,  1843 ,  1729 ,  1605
339.0 ,  1594 ,  1757 ,  1519 ,  1707 ,  1805
340.0 ,  1841 ,  1954 ,  1542 ,  1574 ,  1873
341.0 ,  1805 ,  1697 ,  1811 ,  1876 ,  1859
342.0 ,  1780 ,  1564 ,  1745 ,  1715 ,  1526
343.0 ,  1732 ,  1758 ,  1750 ,  1823 ,  1728
344.0 ,  1821 ,  1491 ,  1714 ,  1721 ,  1645
345.0 ,  1631 ,  1557 ,  1709 ,  1763 ,  1708
346.0 ,  1630 ,  1672 ,  1807 ,  1694 ,  1631
347.0 ,  1897 ,  1800 ,  1607 ,  1710 ,  1702
348.0 ,  1714 ,  1791 ,  1713 ,  1645 ,  1714
349.0 ,  1942 ,  1957 ,  1546 ,  1717 ,  1730
350.0 ,  1746 ,  1572 ,  1662 ,  1719 ,  1751
351.0 ,  1829 ,  1619 ,  1713 ,  1689 ,  1533
352.0 ,  1424 ,  1636 ,  1786 ,  1808 ,  1728
353.0 ,  1580 ,  1597 ,  1612 ,  1832 ,  1560
354.0 ,  1829 ,  1535 ,  1684 ,  1801 ,  1819
355.0 ,  1661 ,  1732 ,  1748 ,  1587 ,  1699
356.0 ,  1680 ,  1496 ,  1807 ,  1677 ,  1699
357.0 ,  1680 ,  1455 ,  1707 ,  1590 ,  1926
358.0 ,  1798 ,  1841 ,  1638 ,  1598 ,  1528
359.0 ,  1802 ,  1759 ,  1768 ,  1825 ,  1610
360.0 ,  1802 ,  1946 ,  1848 ,  1480 ,  1734
361.0 ,  1677 ,  1762 ,  1631 ,  1694 ,  1878
362.0 ,  1925 ,  1684 ,  1818 ,  1680 ,  1915
363.0 ,  1706 ,  1742 ,  1807 ,  1864 ,  1615
364.0 ,  1700 ,  1853 ,  1771 ,  1803 ,  1669
365.0 ,  1658 ,  1640 ,  1579 ,  1609 ,  1661
366.0 ,  1652 ,  1540 ,  1679 ,  1696 ,  1699
367.0 ,  1505 ,  1689 ,  1602 ,  1638 ,  1818
368.0 ,  1686 ,  1728 ,  1640 ,  1718 ,  1450
369.0 ,  1722 ,  1462 ,  1552 ,  1539 ,  1534
370.0 ,  1860 ,  1672 ,  1603 ,  1489 ,  1604
371.0 ,  1703 ,  1529 ,  1900 ,  1641 ,  1591
372.0 ,  1718 ,  1446 ,  1694 ,  1707 ,  1674
373.0 ,  1737 ,  1545 ,  1854 ,  1725 ,  1717
374.0 ,  1645 ,  1627 ,  1704 ,  1637 ,  1688
375.0 ,  1544 ,  1699 ,  1911 ,  1591 ,  1809
376.0 ,  1630 ,  1684 ,  1718 ,  1625 ,  1733
377.0 ,  1794 ,  1719 ,  1521 ,  1727 ,  1591
378.0 ,  1718 ,  1689 ,  1779 ,  1627 ,  1771
379.0 ,  1676 ,  1648 ,  1824 ,  1500 ,  1642
380.0 ,  1456 ,  1797 ,  1612 ,  1528 ,  1540
381.0 ,  1592 ,  1643 ,  1649 ,  1619 ,  1655
382.0 ,  1774 ,  1485 ,  1767 ,  1792 ,  1675
383.0 ,  1750 ,  1663 ,  1669 ,  1770 ,  1714
384.0 ,  1693 ,  1759 ,  1708 ,  1721 ,  1618
385.0 ,  1616 ,  1633 ,  2002 ,  1741 ,  1761
386.0 ,  1661 ,  1532 ,  1744 ,  1699 ,  1707
387.0 ,  1720 ,  1566 ,  1617 ,  1622 ,  1856
388.0 ,  1693 ,  1539 ,  1617 ,  1649 ,  1728
389.0 ,  1669 ,  1640 ,  1737 ,  1515 ,  1581
390.0 ,  1632 ,  1676 ,  1587 ,  1557 ,  1600
391.0 ,  1569 ,  1710 ,  1660 ,  1635 ,  1615
392.0 ,  1385 ,  1688 ,  1733 ,  1638 ,  1497
393.0 ,  1729 ,  1782 ,  1704 ,  1577 ,  1682
394.0 ,  1520 ,  1493 ,  1671 ,  1752 ,  1704
395.0 ,  1707 ,  1619 ,  1651 ,  1690 ,  1721
396.0 ,  1688 ,  1584 ,  1767 ,  1575 ,  1699
397.0 ,  1773 ,  1646 ,  1747 ,  1575 ,  1730
398.0 ,  1715 ,  1829 ,  1647 ,  1570 ,  1719
399.0 ,  1853 ,  1652 ,  1657 ,  1659 ,  1813
400.0 ,  1665 ,  1672 ,  1712 ,  1770 ,  1725
401.0 ,  1556 ,  1629 ,  1824 ,  1790 ,  1752
402.0 ,  1696 ,  1627 ,  1524 ,  1857 ,  1819
403.0 ,  1674 ,  1674 ,  1731 ,  1670 ,  1665
404.0 ,  1581 ,  1646 ,  1513 ,  1741 ,  1631
405.0 ,  1575 ,  1665 ,  1809 ,  1583 ,  1575
406.0 ,  1623 ,  1639 ,  1458 ,  1670 ,  1501
407.0 ,  1765 ,  1620 ,  1718 ,  1860 ,  1641
408.0 ,  1538 ,  1636 ,  1645 ,  1623 ,  1747
409.0 ,  1800 ,  1504 ,  1656 ,  1599 ,  1684
410.0 ,  1715 ,  1753 ,  1614 ,  1578 ,  1484
411.0 ,  1696 ,  1729 ,  1584 ,  1655 ,  1473
412.0 ,  1764 ,  1457 ,  1583 ,  1785 ,  1624
413.0 ,  1674 ,  1656 ,  1418 ,  1849 ,  1747
414.0 ,  1668 ,  1588 ,  1630 ,  1607 ,  1623
415.0 ,  1677 ,  1512 ,  1847 ,  1478 ,  1633
416.0 ,  1635 ,  1715 ,  1616 ,  1502 ,  1662
417.0 ,  1621 ,  1678 ,  1737 ,  1614 ,  1746
418.0 ,  1714 ,  1760 ,  1573 ,  1523 ,  1592
419.0 ,  1440 ,  1552 ,  1591 ,  1563 ,  1607
420.0 ,  1524 ,  1512 ,  1769 ,  1739 ,  1817
421.0 ,  1489 ,  1602 ,  1648 ,  1631 ,  1574
422.0 ,  1610 ,  1600 ,  1704 ,  1583 ,  1375
423.0 ,  1432 ,  1576 ,  1554 ,  1481 ,  1606
424.0 ,  1640 ,  1575 ,  1698 ,  1514 ,  1586
425.0 ,  1689 ,  1555 ,  1653 ,  1781 ,  1613
426.0 ,  1803 ,  1718 ,  1631 ,  1664 ,  1603
427.0 ,  1671 ,  1695 ,  1517 ,  1617 ,  1598
428.0 ,  1774 ,  1717 ,  1688 ,  1660 ,  1496
429.0 ,  1588 ,  1425 ,  1785 ,  1730 ,  1443
430.0 ,  1695 ,  1477 ,  1716 ,  1299 ,  1590
431.0 ,  1515 ,  1503 ,  1654 ,  1666 ,  1535
432.0 ,  1635 ,  1762 ,  1520 ,  1739 ,  1516
433.0 ,  1638 ,  1779 ,  1646 ,  1627 ,  1605
434.0 ,  1578 ,  1689 ,  1870 ,  1510 ,  1556
435.0 ,  1679 ,  1583 ,  1690 ,  1672 ,  1626
436.0 ,  1717 ,  1397 ,  1688 ,  1604 ,  1916
437.0 ,  1545 ,  1711 ,  1630 ,  1577 ,  1670
438.0 ,  1556 ,  1590 ,  1589 ,  1669 ,  1452
439.0 ,  1696 ,  1629 ,  1662 ,  1525 ,  1700
440.0 ,  1660 ,  1771 ,  1699 ,  1710 ,  1522
441.0 ,  1813 ,  1634 ,  1623 ,  1603 ,  1513
442.0 ,  1621 ,  1533 ,  1569 ,  1652 ,  1554
443.0 ,  1654 ,  1483 ,  1499 ,  1618 ,  1527
444.0 ,  1651 ,  1548 ,  1425 ,  1434 ,  1656
445.0 ,  1588 ,  1617 ,  1545 ,  1427 ,  1615
446.0 ,  1650 ,  1628 ,  1672 ,  1783 ,  1596
447.0 ,  1561 ,  1619 ,  1761 ,  1643 ,  1457
448.0 ,  1637 ,  1634 ,  1708 ,  1665 ,  1654
449.0 ,  1621 ,  1532 ,  1567 ,  1634 ,  1594
450.0 ,  1616 ,  1383 ,  1762 ,  1525 ,  1840
451.0 ,  1576 ,  1498 ,  1406 ,  1782 ,  1704
452.0 ,  1547 ,  1508 ,  1729 ,  1751 ,  1423
453.0 ,  1763 ,  1507 ,  1724 ,  1734 ,  1556
454.0 ,  1695 ,  1509 ,  1730 ,  1632 ,  1691
455.0 ,  1642 ,  1663 ,  1606 ,  1649 ,  1557
456.0 ,  1637 ,  1721 ,  1539 ,  1594 ,  1590
457.0 ,  1646 ,  1828 ,  1824 ,  1569 ,  1526
458.0 ,  1680 ,  1582 ,  1635 ,  1488 ,  1412
459.0 ,  1523 ,  1612 ,  1761 ,  1639 ,  1674
460.0 ,  1623 ,  1432 ,  1684 ,  1503 ,  1641
461.0 ,  1911 ,  1790 ,  1762 ,  1767 ,  1843
462.0 ,  1561 ,  1969 ,  1670 ,  1584 ,  1549
463.0 ,  1565 ,  1981 ,  1572 ,  1639 ,  1612
464.0 ,  1843 ,  1731 ,  1731 ,  1912 ,  1541
465.0 ,  1842 ,  1672 ,  1432 ,  1573 ,  1794
466.0 ,  1775 ,  1615 ,  1446 ,  1498 ,  1740
467.0 ,  1694 ,  1442 ,  1671 ,  1615 ,  1675
468.0 ,  1575 ,  1757 ,  1696 ,  1576 ,  1512
469.0 ,  1772 ,  1821 ,  1782 ,  1545 ,  1738
470.0 ,  1815 ,  1443 ,  1657 ,  1731 ,  1838
471.0 ,  1743 ,  1493 ,  1793 ,  1816 ,  1856
472.0 ,  1844 ,  1855 ,  1877 ,  1752 ,  1774
473.0 ,  1732 ,  1834 ,  1772 ,  1548 ,  1998
474.0 ,  1841 ,  2005 ,  1710 ,  1949 ,  1959
475.0 ,  1997 ,  1997 ,  1852 ,  1918 ,  2021
476.0 ,  1942 ,  2171 ,  2013 ,  2214 ,  2017
477.0 ,  2154 ,  2229 ,  2247 ,  2268 ,  2218
478.0 ,  2215 ,  2442 ,  2290 ,  2606 ,  2348
479.0 ,  2510 ,  2604 ,  2509 ,  2648 ,  2474
480.0 ,  2758 ,  2716 ,  2743 ,  2814 ,  2872
481.0 ,  2922 ,  2951 ,  2943 ,  3065 ,  3066
482.0 ,  3022 ,  3024 ,  3062 ,  3057 ,  3063
483.0 ,  3004 ,  2752 ,  2937 ,  2836 ,  2869
484.0 ,  2750 ,  2607 ,  2718 ,  2752 ,  2729
485.0 ,  2531 ,  2576 ,  2404 ,  2530 ,  2643
486.0 ,  2515 ,  2411 ,  2371 ,  2435 ,  2451
487.0 ,  2350 ,  2343 ,  2329 ,  2358 ,  2331
488.0 ,  2373 ,  2456 ,  2504 ,  2278 ,  2461
489.0 ,  2256 ,  2324 ,  2217 ,  2294 ,  2345
490.0 ,  2324 ,  2211 ,  2239 ,  2324 ,  2295
491.0 ,  2234 ,  2258 ,  2237 ,  2165 ,  2249
492.0 ,  2255 ,  2204 ,  2254 ,  2249 ,  2298
493.0 ,  2265 ,  2206 ,  2261 ,  2098 ,  2274
494.0 ,  2307 ,  2280 ,  2336 ,  2207 ,  2318
495.0 ,  2300 ,  2287 ,  2207 ,  2168 ,  2323
496.0 ,  2194 ,  2214 ,  2206 ,  2165 ,  2215
497.0 ,  2197 ,  2290 ,  2309 ,  2244 ,  2281
498.0 ,  2270 ,  2298 ,  2211 ,  2193 ,  2251
499.0 ,  2284 ,  2333 ,  2250 ,  2244 ,  2289
500.0 ,  2317 ,  2282 ,  2246 ,  2310 ,  2220
501.0 ,  2208 ,  2216 ,  2294 ,  2209 ,  2330
502.0 ,  2185 ,  2329 ,  2242 ,  2236 ,  2235
503.0 ,  2289 ,  2225 ,  2275 ,  2114 ,  2269
504.0 ,  2201 ,  2271 ,  2214 ,  2231 ,  2149
505.0 ,  2365 ,  2241 ,  2249 ,  2277 ,  2331
506.0 ,  2196 ,  2191 ,  2251 ,  2308 ,  2335
507.0 ,  2184 ,  2233 ,  2256 ,  2188 ,  2310
508.0 ,  2259 ,  2192 ,  2282 ,  2204 ,  2273
509.0 ,  2219 ,  2206 ,  2289 ,  2296 ,  2223
510.0 ,  2294 ,  2214 ,  2278 ,  2293 ,  2260
511.0 ,  2250 ,  2249 ,  2315 ,  2273 ,  2257
